permitted-development-right,url,documentation-url,part,part-title,class,name,description,entry-date,start-date,end-date,slug
1A,https://www.legislation.gov.uk/uksi/2015/596/schedule/2/part/1/made,https://www.legislation.gov.uk/uksi/2015/596/schedule/2/part/1/crossheading/class-a-enlargement-improvement-or-other-alteration-of-a-dwellinghouse/made,1,Development within the curtilage of a dwellinghouse,A,"Enlargement, improvement or other alteration of a dwellinghouse","""The enlargement, improvement or other alteration of a dwellinghouse""",2020-12-31,1995,,/permitted-development-right/1A
1B,https://www.legislation.gov.uk/uksi/2015/596/schedule/2/part/1/made,https://www.legislation.gov.uk/uksi/2015/596/schedule/2/part/1/crossheading/class-b-additions-etc-to-the-roof-of-a-dwellinghouse/made,1,Development within the curtilage of a dwellinghouse,B,Additions etc to the roof of a dwellinghouse,The enlargement of a dwellinghouse consisting of an addition or alteration to its roof,2020-12-31,1995,,/permitted-development-right/1B
1C,https://www.legislation.gov.uk/uksi/2015/596/schedule/2/part/1/made,https://www.legislation.gov.uk/uksi/2015/596/schedule/2/part/1/crossheading/class-c-other-alterations-to-the-roof-of-a-dwellinghouse/made,1,Development within the curtilage of a dwellinghouse,C,Other alterations to the roof of a dwellinghouse,Any other alteration to the roof of a dwellinghouse,2020-12-31,1995,,/permitted-development-right/1C
1D,https://www.legislation.gov.uk/uksi/2015/596/schedule/2/part/1/made,https://www.legislation.gov.uk/uksi/2015/596/schedule/2/part/1/crossheading/class-d-porches/made,1,Development within the curtilage of a dwellinghouse,D,Porches,The erection or construction of a porch outside any external door of a dwellinghouse,2020-12-31,1995,,/permitted-development-right/1D
1E,https://www.legislation.gov.uk/uksi/2015/596/schedule/2/part/1/made,https://www.legislation.gov.uk/uksi/2015/596/schedule/2/part/1/crossheading/class-e-buildings-etc-incidental-to-the-enjoyment-of-a-dwellinghouse/made,1,Development within the curtilage of a dwellinghouse,E,Buildings etc incidental to the enjoyment of a dwellinghouse,"The provision within the curtilage of the dwellinghouse of: (a) any building or enclosure, swimming or other pool required for a purpose incidental to the enjoyment of the dwellinghouse as such, or the maintenance, improvement or other alteration of such a building or enclosure; (b) a container used for domestic heating purposes for the storage of oil or liquid petroleum gas.",2020-12-31,1995,,/permitted-development-right/1E
1F,https://www.legislation.gov.uk/uksi/2015/596/schedule/2/part/1/made,https://www.legislation.gov.uk/uksi/2015/596/schedule/2/part/1/crossheading/class-f-hard-surfaces-incidental-to-the-enjoyment-of-a-dwellinghouse/made,1,Development within the curtilage of a dwellinghouse,F,Hard surfaces incidental to the enjoyment of a dwellinghouse,Development consisting of: (a) the provision within the curtilage of a dwellinghouse of a hard surface for any purpose incidental to the enjoyment of the dwellinghouse as such; (b) the replacement in whole or in part of such a surface.,2020-12-31,1995,,/permitted-development-right/1F
1G,https://www.legislation.gov.uk/uksi/2015/596/schedule/2/part/1/made,https://www.legislation.gov.uk/uksi/2015/596/schedule/2/part/1/crossheading/class-g-chimneys-flues-etc-on-a-dwellinghouse/made,1,Development within the curtilage of a dwellinghouse,G,"Chimneys, flues etc on a dwellinghouse","The installation, alteration or replacement of a chimney, flue or soil and vent pipe on a dwellinghouse",2020-12-31,1995,,/permitted-development-right/1G
1H,https://www.legislation.gov.uk/uksi/2015/596/schedule/2/part/1/made,https://www.legislation.gov.uk/uksi/2015/596/schedule/2/part/1/crossheading/class-h-microwave-antenna-on-a-dwellinghouse/made,1,Development within the curtilage of a dwellinghouse,H,Microwave antenna on a dwellinghouse,"The installation, alteration or replacement of a microwave antenna on a dwellinghouse or within the curtilage of a dwellinghouse",2020-12-31,1995,,/permitted-development-right/1H
2A,https://www.legislation.gov.uk/uksi/2015/596/schedule/2/part/2/made,https://www.legislation.gov.uk/uksi/2015/596/schedule/2/part/2/crossheading/class-a-gates-fences-walls-etc/made,2,Minor operations,A,"Gates, fences, walls etc","The erection, construction, maintenance, improvement or alteration of a gate, fence, wall or other means of enclosure",2020-12-31,1995,,/permitted-development-right/2A
2B,https://www.legislation.gov.uk/uksi/2015/596/schedule/2/part/2/made,https://www.legislation.gov.uk/uksi/2015/596/schedule/2/part/2/crossheading/class-b-means-of-access-to-a-highway/made,2,Minor operations,B,Means of access to a highway,"The formation, laying out and construction of a means of access to a highway which is not a trunk road or a classified road, where that access is required in connection with development permitted by any Class in this Schedule (other than by Class A of this Part).",2020-12-31,1995,,/permitted-development-right/2B
2C,https://www.legislation.gov.uk/uksi/2015/596/schedule/2/part/2/made,https://www.legislation.gov.uk/uksi/2015/596/schedule/2/part/2/crossheading/class-c-exterior-painting/made,2,Minor operations,C,Exterior painting,The painting of the exterior of any building or work,2020-12-31,1995,,/permitted-development-right/2C
2D,https://www.legislation.gov.uk/uksi/2015/596/schedule/2/part/2/made,https://www.legislation.gov.uk/uksi/2015/596/schedule/2/part/2/crossheading/class-d-electrical-outlet-for-recharging-vehicles/made,2,Minor operations,D,Electrical outlet for recharging vehicles,"The installation, alteration or replacement, within an area lawfully used for off-street parking, of an electrical outlet mounted on a wall for recharging electric vehicles",2020-12-31,1995,,/permitted-development-right/2D
2E,https://www.legislation.gov.uk/uksi/2015/596/schedule/2/part/2/made,https://www.legislation.gov.uk/uksi/2015/596/schedule/2/part/2/crossheading/class-e-electrical-upstand-for-recharging-vehicles/made,2,Minor operations,E,Electrical upstand for recharging vehicles,"The installation, alteration or replacement, within an area lawfully used for off-street parking, of an upstand with an electrical outlet mounted on it for recharging electric vehicles",2020-12-31,1995,,/permitted-development-right/2E
2F,https://www.legislation.gov.uk/uksi/2015/596/schedule/2/part/2/made,https://www.legislation.gov.uk/uksi/2015/596/schedule/2/part/2/crossheading/class-f-closed-circuit-television-cameras/made,2,Minor operations,F,Closed circuit television cameras,"The installation, alteration or replacement on a building of a closed circuit television camera to be used for security purposes",2020-12-31,1995,,/permitted-development-right/2F
3A,https://www.legislation.gov.uk/uksi/2015/596/schedule/2/part/3/made,https://www.legislation.gov.uk/uksi/2015/596/schedule/2/part/3/crossheading/class-a-restaurants-cafes-takeaways-or-pubs-to-retail/made,3,Changes of use,A,"Restaurants, cafes, takeaways or pubs to retail","Development consisting of a change of use of a building from a use falling within Class A3 (restaurants and cafes), A4 (drinking establishments) or A5 (hot food takeaways) of the Schedule to the Use Classes Order, to a use falling within Class A1 (shops) or Class A2 (financial and professional services) of that Schedule.",2020-12-31,1995,,/permitted-development-right/3A
3B,https://www.legislation.gov.uk/uksi/2015/596/schedule/2/part/3/made,https://www.legislation.gov.uk/uksi/2015/596/schedule/2/part/3/crossheading/class-b-takeaways-or-pubs-to-restaurants-and-cafes/made,3,Changes of use,B,Takeaways or pubs to restaurants and cafes,"Development consisting of a change of use of a building from a use falling within Class A4 (drinking establishments) or Class A5 (hot food takeaways) of the Schedule to the Use Classes Order, to a use falling within Class A3 (restaurants and cafes) of that Schedule.",2020-12-31,1995,,/permitted-development-right/3B
3C,https://www.legislation.gov.uk/uksi/2015/596/schedule/2/part/3/made,https://www.legislation.gov.uk/uksi/2015/596/schedule/2/part/3/crossheading/class-c-retail-betting-office-or-pay-day-loan-shop-or-casino-to-restaurant-or-cafe/made,3,Changes of use,C,"Retail, betting office or pay day loan shop or casino to restaurant or cafe","Development consisting of: (a) a change of use of a building from a use, (i) falling within Class A1 (shops) or Class A2 (financial and professional services) of the Schedule to the Use Classes Order, (ii) as a betting office or pay day loan shop, or (iii) as a casino,to a use falling within Class A3 (restaurants and cafes) of the Schedule to the Use Classes Order; (b) building or other operations for the provision of facilities for (i) ventilation and extraction (including the provision of an external flue), and (ii) the storage of rubbish,reasonably necessary to use the building for a use falling within Class A3 (restaurants and cafes) of that Schedule.",2020-12-31,1995,,/permitted-development-right/3C
3D,https://www.legislation.gov.uk/uksi/2015/596/schedule/2/part/3/made,https://www.legislation.gov.uk/uksi/2015/596/schedule/2/part/3/crossheading/class-d-shops-to-financial-and-professional/made,3,Changes of use,D,Shops to financial and professional,"Development consisting of a change of use of a building within its curtilage from a use falling within Class A1 (shops) of the Schedule to the Use Classes Order, to use falling within Class A2 (financial and professional services) of that Schedule",2020-12-31,1995,,/permitted-development-right/3D
3E,https://www.legislation.gov.uk/uksi/2015/596/schedule/2/part/3/made,https://www.legislation.gov.uk/uksi/2015/596/schedule/2/part/3/crossheading/class-e-financial-and-professional-or-betting-office-or-pay-day-loan-shop-to-shops/made,3,Changes of use,E,Financial and professional or betting office or pay day loan shop to shops,"Development consisting of a change of use of a building with a display window at ground floor level from: (a) a use falling within Class A2 (financial and professional services) of the Schedule to the Use Classes Order, or (b)a use as a betting office or a pay day loan shop, to a use falling within Class A1 (shops) of the Schedule to the Use Classes Order.",2020-12-31,1995,,/permitted-development-right/3E
3F,https://www.legislation.gov.uk/uksi/2015/596/schedule/2/part/3/made,https://www.legislation.gov.uk/uksi/2015/596/schedule/2/part/3/crossheading/class-f-betting-offices-or-pay-day-loan-shops-to-financial-and-professional/made,3,Changes of use,F,Betting offices or pay day loan shops to financial and professional,Development consisting of a change of use of a building from a use as a betting office or a pay day loan shop to a use falling within Class A2 (financial and professional services) of the Schedule to the Use Classes Order,2020-12-31,1995,,/permitted-development-right/3F
3G,https://www.legislation.gov.uk/uksi/2015/596/schedule/2/part/3/made,https://www.legislation.gov.uk/uksi/2015/596/schedule/2/part/3/crossheading/class-g-retail-or-betting-office-or-pay-day-loan-shop-to-mixed-use/made,3,Changes of use,G,Retail or betting office or pay day loan shop to mixed use,"Development consisting of a change of use of a building: 
(a) from a use for any purpose within Class A1 (shops) of the Schedule to the Use Classes Order, to a mixed use for any purpose within Class A1 (shops) of that Schedule and as up to 2 flats;
(b) from a use for any purpose within Class A1 (shops) of the Schedule to the Use Classes Order, to a mixed use for any purpose within Class A2 (financial and professional services) of that Schedule and as up to 2 flats;
(c) from a use —
(i) for any purpose within Class A2 (financial and professional services) of the Schedule to the Use Classes Order, or
(ii) as a betting office or a pay day loan shop,to a mixed use for any purpose within Class A2 (financial and professional services) of that Schedule and as up to 2 flats;
(d) where that building has a display window at ground floor level, from a use —
(i) for any purpose within Class A2 (financial and professional services) of the Schedule to the Use Classes Order, or
(ii) as a betting office or a pay day loan shop,to a mixed use for any purpose within Class A1 (shops) of the Schedule to the Use Classes Order and as up to 2 flats;
(e) from a use as a betting office or a pay day loan shop to a mixed use as a betting office or a pay day loan shop and as up to 2 flats.",2020-12-31,1995,,/permitted-development-right/3G
3H,https://www.legislation.gov.uk/uksi/2015/596/schedule/2/part/3/made,https://www.legislation.gov.uk/uksi/2015/596/schedule/2/part/3/crossheading/class-h-mixed-use-to-retail/made,3,Changes of use,H,Mixed use to retail,"Development consisting of a change of use of a building: 
(a) from a mixed use for any purpose within Class A1 (shops) of the Schedule to the Use Classes Order and as up to 2 flats, to a use for any purpose within Class A1 (shops) of that Schedule;
(b) from a mixed use for any purpose within Class A1 (shops) of the Schedule to the Use Classes Order and as up to 2 flats, to a use for any purpose within Class A2 (financial and professional services) of that Schedule;
(c) from a mixed use—
(i) for any purpose within Class A2 (financial and professional services) of the Schedule to the Use Classes Order and as up to 2 flats,
(ii) as a betting office or pay day loan shop and as up to 2 flats,to a use for any purpose within Class A2 (financial and professional services) of that Schedule;
(d) where that building has a display window at ground floor level, from a mixed use for any purpose—
(i) within Class A2 (financial and professional services) of the Schedule to the Use Classes Order and as up to 2 flats, or
(ii) as a betting office or pay day loan shop and as up to 2 flats,to a use for any purpose within Class A1 (shops) of the Schedule to the Use Classes Order;
(e) from a mixed use as a betting office or pay day loan shop and as up to 2 flats to a use as a betting office or pay day loan shop.",2020-12-31,1995,,/permitted-development-right/3H
3I,https://www.legislation.gov.uk/uksi/2015/596/schedule/2/part/3/made,https://www.legislation.gov.uk/uksi/2015/596/schedule/2/part/3/crossheading/class-i-industrial-and-general-business-conversions/made,3,Changes of use,I,Industrial and general business conversions,"Development consisting of a change of use of a building:
(a) from any use falling within Class B2 (general industrial) or B8 (storage or distribution) of the Schedule to the Use Classes Order, to a use for any purpose falling within Class B1 (business) of that Schedule;
(b) from any use falling within Class B1 (business) or B2 (general industrial) of the Schedule to the Use Classes Order, to a use for any purpose falling within Class B8 (storage or distribution) of that Schedule.",2020-12-31,1995,,/permitted-development-right/3I
3J,https://www.legislation.gov.uk/uksi/2015/596/schedule/2/part/3/made,https://www.legislation.gov.uk/uksi/2015/596/schedule/2/part/3/crossheading/class-j-retail-or-betting-office-or-pay-day-loan-shop-to-assembly-and-leisure/made,3,Changes of use,J,Retail or betting office or pay day loan shop to assembly and leisure,"Development consisting of a change of use of a building from a use:
(a) falling within Class A1 (shops) or Class A2 (financial and professional services) of the Schedule to the Use Classes Order, or
(b) as a betting office or pay day loan shop, to a use falling within Class D2 (assembly and leisure) of that Schedule.",2020-12-31,1995,,/permitted-development-right/3J
3K,https://www.legislation.gov.uk/uksi/2015/596/schedule/2/part/3/made,https://www.legislation.gov.uk/uksi/2015/596/schedule/2/part/3/crossheading/class-k-casinos-to-assembly-and-leisure/made,3,Changes of use,K,Casinos to assembly and leisure,Development consisting of a change of use of a building from a use as a casino to a use falling within Class D2 (assembly and leisure) of the Schedule to the Use Classes Order.,2020-12-31,1995,,/permitted-development-right/3K
3L,https://www.legislation.gov.uk/uksi/2015/596/schedule/2/part/3/made,https://www.legislation.gov.uk/uksi/2015/596/schedule/2/part/3/crossheading/class-l-small-hmos-to-dwellinghouses-and-vice-versa/made,3,Changes of use,L,Small HMOs to dwellinghouses and vice versa,"Development consisting of a change of use of a building:
(a) from a use falling within Class C4 (houses in multiple occupation) of the Schedule to the Use Classes Order, to a use falling within Class C3 (dwellinghouses) of that Schedule;
(b) from a use falling within Class C3 (dwellinghouses) of the Schedule to the Use Classes Order, to a use falling within Class C4 (houses in multiple occupation) of that Schedule",2020-12-31,1995,,/permitted-development-right/3L
3M,https://www.legislation.gov.uk/uksi/2015/596/schedule/2/part/3/made,https://www.legislation.gov.uk/uksi/2015/596/schedule/2/part/3/crossheading/class-m-retail-or-betting-office-or-pay-day-loan-shop-to-dwellinghouses/made,3,Changes of use,M,Retail or betting office or pay day loan shop to dwellinghouses,"Development consisting of:
(a) a change of use of a building from—
(i) a use falling within Class A1 (shops) or Class A2 (financial and professional services) of the Schedule to the Use Classes Order;
(ii) a use as a betting office or pay day loan shop, or
(iii) a mixed use combining use as a dwellinghouse with—
(aa) a use as a betting office or pay day loan shop, or
(bb) a use falling within either Class A1 (shops) or Class A2 (financial and professional services) of that Schedule (whether that use was granted permission under Class G of this Part or otherwise),to a use falling within Class C3 (dwellinghouses) of that Schedule, and
(b) building operations reasonably necessary to convert the building referred to in paragraph (a) to a use falling within Class C3 (dwellinghouses) of that Schedule.",2020-12-31,1995,,/permitted-development-right/3M
3N,https://www.legislation.gov.uk/uksi/2015/596/schedule/2/part/3/made,https://www.legislation.gov.uk/uksi/2015/596/schedule/2/part/3/crossheading/class-n-specified-sui-generis-uses-to-dwellinghouses/made,3,Changes of use,N,Specified sui generis uses to dwellinghouses,"Development consisting of:
(a) a change of use of a building and any land within its curtilage from a use as—
(i) an amusement arcade or centre, or
(ii) a casino,to a use falling within Class C3 (dwellinghouses) of the Schedule to the Use Classes Order; and
(b) building operations reasonably necessary to convert the building referred to in paragraph (a) to a use falling within Class C3 (dwellinghouses) of that Schedule.",2020-12-31,1995,,/permitted-development-right/3N
3O,https://www.legislation.gov.uk/uksi/2015/596/schedule/2/part/3/made,https://www.legislation.gov.uk/uksi/2015/596/schedule/2/part/3/crossheading/class-o-offices-to-dwellinghouses/made,3,Changes of use,O,Offices to dwellinghouses,"Development consisting of a change of use of a building and any land within its curtilage from a use falling within Class B1(a) (offices) of the Schedule to the Use Classes Order, to a use falling within Class C3 (dwellinghouses) of that Schedule.",2020-12-31,1995,,/permitted-development-right/3O
3P,https://www.legislation.gov.uk/uksi/2015/596/schedule/2/part/3/made,https://www.legislation.gov.uk/uksi/2015/596/schedule/2/part/3/crossheading/class-p-storage-or-distribution-centre-to-dwellinghouses/made,3,Changes of use,P,Storage or distribution centre to dwellinghouses,Development consisting of a change of use of a building and any land within its curtilage from a use falling within Class B8 (storage or distribution centre) of the Schedule to the Use Classes Order to a use falling within Class C3 (dwellinghouses) of that Schedule,2020-12-31,1995,,/permitted-development-right/3P
3Q,https://www.legislation.gov.uk/uksi/2015/596/schedule/2/part/3/made,https://www.legislation.gov.uk/uksi/2015/596/schedule/2/part/3/crossheading/class-q-agricultural-buildings-to-dwellinghouses/made,3,Changes of use,Q,Agricultural buildings to dwellinghouses,"Development consisting of:
(a) a change of use of a building and any land within its curtilage from a use as an agricultural building to a use falling within Class C3 (dwellinghouses) of the Schedule to the Use Classes Order; and
(b) building operations reasonably necessary to convert the building referred to in paragraph (a) to a use falling within Class C3 (dwellinghouses) of that Schedule",2020-12-31,1995,,/permitted-development-right/3Q
3R,https://www.legislation.gov.uk/uksi/2015/596/schedule/2/part/3/made,https://www.legislation.gov.uk/uksi/2015/596/schedule/2/part/3/crossheading/class-r-agricultural-buildings-to-a-flexible-commercial-use/made,3,Changes of use,R,Agricultural buildings to a flexible commercial use,"Development consisting of a change of use of a building and any land within its curtilage from a use as an agricultural building to a flexible use falling within Class A1 (shops), Class A2 (financial and professional services), Class A3 (restaurants and cafes), Class B1 (business), Class B8 (storage or distribution), Class C1 (hotels) or Class D2 (assembly and leisure) of the Schedule to the Use Classes Order.",2020-12-31,1995,,/permitted-development-right/3R
3S,https://www.legislation.gov.uk/uksi/2015/596/schedule/2/part/3/made,https://www.legislation.gov.uk/uksi/2015/596/schedule/2/part/3/crossheading/class-s-agricultural-buildings-to-statefunded-school-or-registered-nursery/made,3,Changes of use,S,Agricultural buildings to state-funded school or registered nursery,Development consisting of a change of use of a building and any land within its curtilage from a use as an agricultural building to use as a state-funded school or a registered nursery,2020-12-31,1995,,/permitted-development-right/3S
3T,https://www.legislation.gov.uk/uksi/2015/596/schedule/2/part/3/made,https://www.legislation.gov.uk/uksi/2015/596/schedule/2/part/3/crossheading/class-t-business-hotels-etc-to-statefunded-schools-or-registered-nursery/made,3,Changes of use,T,"Business, hotels etc to state-funded schools or registered nursery","Development consisting of a change of use of a building and any land within its curtilage from a use falling within Class B1 (business), Class C1 (hotels), Class C2 (residential institutions), Class C2A (secure residential institutions) or Class D2 (assembly and leisure) of the Schedule to the Use Classes Order, to use as a state-funded school or a registered nursery.",2020-12-31,1995,,/permitted-development-right/3T
3U,https://www.legislation.gov.uk/uksi/2015/596/schedule/2/part/3/made,https://www.legislation.gov.uk/uksi/2015/596/schedule/2/part/3/crossheading/class-u-return-to-previous-use-from-converted-statefunded-school-or-registered-nursery/made,3,Changes of use,U,Return to previous use from converted state-funded school or registered nursery,Development consisting of a change of use of land from a use permitted by Class T to the previous lawful use of the land,2020-12-31,1995,,/permitted-development-right/3U
3V,https://www.legislation.gov.uk/uksi/2015/596/schedule/2/part/3/made,https://www.legislation.gov.uk/uksi/2015/596/schedule/2/part/3/crossheading/class-v-changes-of-use-permitted-under-a-permission-granted-on-an-application/made,3,Changes of use,V,Changes of use permitted under a permission granted on an application,"Development consisting of a change of use of a building or other land from a use permitted by planning permission granted on an application, to another use which that permission would have specifically authorised when it was granted.",2020-12-31,1995,,/permitted-development-right/3V
4A,https://www.legislation.gov.uk/uksi/2015/596/schedule/2/part/4/made,https://www.legislation.gov.uk/uksi/2015/596/schedule/2/part/4/crossheading/class-a-temporary-buildings-and-structures/made,4,Temporary buildings and uses,A,Temporary buildings and structures,"The provision on land of buildings, moveable structures, works, plant or machinery required temporarily in connection with and for the duration of operations being or to be carried out on, in, under or over that land or on land adjoining that land",2020-12-31,1995,,/permitted-development-right/4A
4B,https://www.legislation.gov.uk/uksi/2015/596/schedule/2/part/4/made,https://www.legislation.gov.uk/uksi/2015/596/schedule/2/part/4/crossheading/class-b-temporary-use-of-land/made,4,Temporary buildings and uses,B,Temporary use of land,"The use of any land for any purpose for not more than 28 days in total in any calendar year, of which not more than 14 days in total may be for the purposes of:
(a) the holding of a market;
(b) motor car and motorcycle racing including trials of speed, and practising for these activities,
and the provision on the land of any moveable structure for the purposes of the permitted use.",2020-12-31,1995,,/permitted-development-right/4B
4C,https://www.legislation.gov.uk/uksi/2015/596/schedule/2/part/4/made,https://www.legislation.gov.uk/uksi/2015/596/schedule/2/part/4/crossheading/class-c-use-as-a-statefunded-school-for-a-single-academic-year/made,4,Temporary buildings and uses,C,Use as a state-funded school for a single academic year,The use of a building and any land within its curtilage as a state-funded school for a single academic year,2020-12-31,1995,,/permitted-development-right/4C
4D,https://www.legislation.gov.uk/uksi/2015/596/schedule/2/part/4/made,https://www.legislation.gov.uk/uksi/2015/596/schedule/2/part/4/crossheading/class-d-shops-financial-cafes-takeaways-pubs-etc-to-temporary-flexible-use/made,4,Temporary buildings and uses,D,"Shops, financial, cafes, takeaways, pubs etc to temporary flexible use","Development consisting of a change of use of a building and any land within its curtilage:
(a) from —
(i) a use falling within Class A1 (shops), Class A2 (financial and professional services), Class A3 (restaurants and cafes), Class A4 (drinking establishments), Class A5 (hot food takeaways), Class B1 (business), Class D1 (non-residential institutions) and Class D2 (assembly and leisure) of the Schedule to the Use Classes Order, or
(ii) a use as a betting office or pay day loan shop,
(b) to a flexible use falling within Class A1 (shops), Class A2 (financial and professional services), Class A3 (restaurants and cafes) or Class B1 (business) of that Schedule, for a single continuous period of up to 2 years beginning on the date the building and any land within its curtilage begins to be used for the flexible use or on the date given in the notice under paragraph D.2(a), whichever is the earlier.",2020-12-31,1995,,/permitted-development-right/4D
4E,https://www.legislation.gov.uk/uksi/2015/596/schedule/2/part/4/made,https://www.legislation.gov.uk/uksi/2015/596/schedule/2/part/4/crossheading/class-e-temporary-use-of-buildings-or-land-for-filmmaking-purposes/made,4,Temporary buildings and uses,E,Temporary use of buildings or land for film-making purposes,"Development consisting of:
(a) the temporary use of any land or buildings for a period not exceeding 9 months in any 27 month period for the purpose of commercial film-making; and
(b) the provision on such land, during the filming period, of any temporary structures, works, plant or machinery required in connection with that use.",2020-12-31,1995,,/permitted-development-right/4E
5A,https://www.legislation.gov.uk/uksi/2015/596/schedule/2/part/5/made,https://www.legislation.gov.uk/uksi/2015/596/schedule/2/part/5/crossheading/class-a-use-of-land-as-caravan-site/made,5,Caravan sites and recreational campsites,A,Use of land as caravan site,"The use of land, other than a building, as a caravan site in the circumstances referred to in paragraph A.2.",2020-12-31,1995,,/permitted-development-right/5A
5B,https://www.legislation.gov.uk/uksi/2015/596/schedule/2/part/5/made,https://www.legislation.gov.uk/uksi/2015/596/schedule/2/part/5/crossheading/class-b-development-on-caravan-site-required-by-conditions/made,5,Caravan sites and recreational campsites,B,Development on caravan site required by conditions,Development required by the conditions of a site licence for the time being in force under the 1960 Act.,2020-12-31,1995,,/permitted-development-right/5B
5C,https://www.legislation.gov.uk/uksi/2015/596/schedule/2/part/5/made,https://www.legislation.gov.uk/uksi/2015/596/schedule/2/part/5/crossheading/class-c-use-of-land-by-members-of-certain-recreational-organisations/made,5,Caravan sites and recreational campsites,C,Use of land by members of certain recreational organisations,"The use of land by members of a recreational organisation for the purposes of recreation or instruction, and the erection or placing of tents on the land for the purposes of the use",2020-12-31,1995,,/permitted-development-right/5C
6A,https://www.legislation.gov.uk/uksi/2015/596/schedule/2/part/6/made,https://www.legislation.gov.uk/uksi/2015/596/schedule/2/part/6/crossheading/class-a-agricultural-development-on-units-of-5-hectares-or-more/made,6,Agricultural and forestry,A,Agricultural development on units of 5 hectares or more,"The carrying out on agricultural land comprised in an agricultural unit of 5 hectares or more in area of:
(a) works for the erection, extension or alteration of a building; or
(b) any excavation or engineering operations, which are reasonably necessary for the purposes of agriculture within that unit.",2020-12-31,1995,,/permitted-development-right/6A
6B,https://www.legislation.gov.uk/uksi/2015/596/schedule/2/part/6/made,https://www.legislation.gov.uk/uksi/2015/596/schedule/2/part/6/crossheading/class-b-agricultural-development-on-units-of-less-than-5-hectares/made,6,Agricultural and forestry,B,Agricultural development on units of less than 5 hectares,"The carrying out on agricultural land comprised in an agricultural unit, of not less than 0.4 but less than 5 hectares in area, of development consisting of:
(a) the extension or alteration of an agricultural building;
(b) the installation of additional or replacement plant or machinery;
(c) the provision, rearrangement or replacement of a sewer, main, pipe, cable or other apparatus;
(d) the provision, rearrangement or replacement of a private way;
(e) the provision of a hard surface;
(f) the deposit of waste; or
(g) the carrying out of any of the following operations in connection with fish farming, namely, repairing ponds and raceways; the installation of grading machinery, aeration equipment or flow meters and any associated channel; the dredging of ponds; and the replacement of tanks and nets,where the development is reasonably necessary for the purposes of agriculture within the unit.",2020-12-31,1995,,/permitted-development-right/6B
6C,https://www.legislation.gov.uk/uksi/2015/596/schedule/2/part/6/made,https://www.legislation.gov.uk/uksi/2015/596/schedule/2/part/6/crossheading/class-c-mineral-working-for-agricultural-purposes/made,6,Agricultural and forestry,C,Mineral working for agricultural purposes,The winning and working on land held or occupied with land used for the purposes of agriculture of any minerals reasonably necessary for agricultural purposes within the agricultural unit of which it forms part,2020-12-31,1995,,/permitted-development-right/6C
6E,https://www.legislation.gov.uk/uksi/2015/596/schedule/2/part/6/made,https://www.legislation.gov.uk/uksi/2015/596/schedule/2/part/6/crossheading/class-e-forestry-developments/made,6,Agricultural and forestry,E,Forestry developments,"The carrying out on land used for the purposes of forestry, including afforestation, of development reasonably necessary for those purposes consisting of:
(a) works for the erection, extension or alteration of a building;
(b) the formation, alteration or maintenance of private ways;
(c) operations on that land, or on land held or occupied with that land, to obtain the materials required for the formation, alteration or maintenance of such ways;
(d) other operations (not including engineering or mining operations)",2020-12-31,1995,,/permitted-development-right/6E
7A,https://www.legislation.gov.uk/uksi/2015/596/schedule/2/part/7/made,https://www.legislation.gov.uk/uksi/2015/596/schedule/2/part/7/crossheading/class-a-extensions-etc-of-shops-or-financial-or-professional-premises/made,7,"Non-domestic extensions, alterations etc",A,Extensions etc of shops or financial or professional premises,The extension or alteration of a shop or financial or professional services establishment,2020-12-31,1995,,/permitted-development-right/7A
7B,https://www.legislation.gov.uk/uksi/2015/596/schedule/2/part/7/made,https://www.legislation.gov.uk/uksi/2015/596/schedule/2/part/7/crossheading/class-b-construction-of-shop-trolley-stores/made,7,"Non-domestic extensions, alterations etc",B,Construction of shop trolley stores,The erection or construction of a trolley store within the curtilage of a shop,2020-12-31,1995,,/permitted-development-right/7B
7C,https://www.legislation.gov.uk/uksi/2015/596/schedule/2/part/7/made,https://www.legislation.gov.uk/uksi/2015/596/schedule/2/part/7/crossheading/class-c-click-and-collect-facilities/made,7,"Non-domestic extensions, alterations etc",C,Click and collect facilities,Development consisting of the erection or construction of a collection facility within the curtilage of a shop,2020-12-31,1995,,/permitted-development-right/7C
7D,https://www.legislation.gov.uk/uksi/2015/596/schedule/2/part/7/made,https://www.legislation.gov.uk/uksi/2015/596/schedule/2/part/7/crossheading/class-d-modification-of-shop-loading-bays/made,7,"Non-domestic extensions, alterations etc",D,Modification of shop loading bays,Development consisting of modification of a loading bay of a shop,2020-12-31,1995,,/permitted-development-right/7D
7E,https://www.legislation.gov.uk/uksi/2015/596/schedule/2/part/7/made,https://www.legislation.gov.uk/uksi/2015/596/schedule/2/part/7/crossheading/class-e-hard-surfaces-for-shops-catering-or-financial-or-professional-premises/made,7,"Non-domestic extensions, alterations etc",E,"Hard surfaces for shops, catering or financial or professional premises","Development consisting of:
(a) the provision of a hard surface within the curtilage of a shop or catering, financial or professional services establishment; or
(b) the replacement in whole or in part of such a surface",2020-12-31,1995,,/permitted-development-right/7E
7F,https://www.legislation.gov.uk/uksi/2015/596/schedule/2/part/7/made,https://www.legislation.gov.uk/uksi/2015/596/schedule/2/part/7/crossheading/class-f-extensions-etc-of-office-buildings/made,7,"Non-domestic extensions, alterations etc",F,Extensions etc of office buildings,The extension or alteration of an office building,2020-12-31,1995,,/permitted-development-right/7F
7G,https://www.legislation.gov.uk/uksi/2015/596/schedule/2/part/7/made,https://www.legislation.gov.uk/uksi/2015/596/schedule/2/part/7/crossheading/class-g-hard-surfaces-for-office-buildings/made,7,"Non-domestic extensions, alterations etc",G,Hard surfaces for office buildings,"Development consisting of:
(a) the provision of a hard surface within the curtilage of an office building to be used for the purpose of the office concerned; or
(b) the replacement in whole or in part of such a surface",2020-12-31,1995,,/permitted-development-right/7G
7H,https://www.legislation.gov.uk/uksi/2015/596/schedule/2/part/7/made,https://www.legislation.gov.uk/uksi/2015/596/schedule/2/part/7/crossheading/class-h-extensions-etc-of-industrial-and-warehouse/made,7,"Non-domestic extensions, alterations etc",H,Extensions etc of industrial and warehouse,"The erection, extension or alteration of an industrial building or a warehouse",2020-12-31,1995,,/permitted-development-right/7H
7I,https://www.legislation.gov.uk/uksi/2015/596/schedule/2/part/7/made,https://www.legislation.gov.uk/uksi/2015/596/schedule/2/part/7/crossheading/class-i-developments-relating-to-an-industrial-process/made,7,"Non-domestic extensions, alterations etc",I,Developments relating to an industrial process,"Development carried out on industrial land for the purposes of an industrial process consisting of:
(a) the installation of additional or replacement plant or machinery;
(b) the provision, rearrangement or replacement of a sewer, main, pipe, cable or other apparatus, or
(c) the provision, rearrangement or replacement of a private way, private railway, siding or conveyor",2020-12-31,1995,,/permitted-development-right/7I
7J,https://www.legislation.gov.uk/uksi/2015/596/schedule/2/part/7/made,https://www.legislation.gov.uk/uksi/2015/596/schedule/2/part/7/crossheading/class-j-hard-surfaces-for-industrial-and-warehouse-premises/made,7,"Non-domestic extensions, alterations etc",J,Hard surfaces for industrial and warehouse premises,"Development consisting of:
(a) the provision of a hard surface within the curtilage of an industrial building or warehouse to be used for the purpose of the undertaking concerned; or
(b) the replacement in whole or in part of such a surface",2020-12-31,1995,,/permitted-development-right/7J
7K,https://www.legislation.gov.uk/uksi/2015/596/schedule/2/part/7/made,https://www.legislation.gov.uk/uksi/2015/596/schedule/2/part/7/crossheading/class-k-waste-deposits-from-an-industrial-process/made,7,"Non-domestic extensions, alterations etc",K,Waste deposits from an industrial process,The deposit of waste material resulting from an industrial process on any land comprised in a site which was used for that purpose on 1st July 1948 whether or not the superficial area or the height of the deposit is extended as a result,2020-12-31,1995,,/permitted-development-right/7K
7L,https://www.legislation.gov.uk/uksi/2015/596/schedule/2/part/7/made,https://www.legislation.gov.uk/uksi/2015/596/schedule/2/part/7/crossheading/class-l-development-at-waste-management-facilities/made,7,"Non-domestic extensions, alterations etc",L,Development at waste management facilities,"Development carried out on land used for the purposes of a waste management facility consisting of:
(a) the extension or alteration of a building; and
(b) the installation of replacement plant or machinery",2020-12-31,1995,,/permitted-development-right/7L
7M,https://www.legislation.gov.uk/uksi/2015/596/schedule/2/part/7/made,https://www.legislation.gov.uk/uksi/2015/596/schedule/2/part/7/crossheading/class-m-extensions-etc-for-schools-colleges-universities-and-hospitals/made,7,"Non-domestic extensions, alterations etc",M,"Extensions etc for schools, colleges, universities and hospitals","The erection, extension or alteration of a school, college, university or hospital building",2020-12-31,1995,,/permitted-development-right/7M
7N,https://www.legislation.gov.uk/uksi/2015/596/schedule/2/part/7/made,https://www.legislation.gov.uk/uksi/2015/596/schedule/2/part/7/crossheading/class-n-hard-surfaces-for-schools-colleges-universities-or-hospitals/made,7,"Non-domestic extensions, alterations etc",N,"Hard surfaces for schools, colleges, universities or hospitals","Development consisting of:
(a) the provision of a hard surface within the curtilage of any school, college, university or hospital to be used for the purposes of that school, college, university or hospital; or
(b) the replacement in whole or in part of such a surface",2020-12-31,1995,,/permitted-development-right/7N
8A,https://www.legislation.gov.uk/uksi/2015/596/schedule/2/part/8/made,https://www.legislation.gov.uk/uksi/2015/596/schedule/2/part/8/crossheading/class-a-railway-or-light-railway-undertakings/made,8,Transport related development,A,Railway or light railway undertakings,"Development by railway undertakers on their operational land, required in connection with the movement of traffic by rail",2020-12-31,1995,,/permitted-development-right/8A
8B,https://www.legislation.gov.uk/uksi/2015/596/schedule/2/part/8/made,https://www.legislation.gov.uk/uksi/2015/596/schedule/2/part/8/crossheading/class-b-dock-pier-harbour-water-transport-canal-or-inland-navigation-undertakings/made,8,Transport related development,B,"Dock, pier, harbour, water transport, canal or inland navigation undertakings","Development on operational land by statutory undertakers or their lessees in respect of dock, pier, harbour, water transport, or canal or inland navigation undertakings, required:
(a) for the purposes of shipping, or
(b) in connection with the embarking, disembarking, loading, discharging or transport of passengers, livestock or goods at a dock, pier or harbour, or with the movement of traffic by canal or inland navigation or by any railway forming part of the undertaking",2020-12-31,1995,,/permitted-development-right/8B
8C,https://www.legislation.gov.uk/uksi/2015/596/schedule/2/part/8/made,https://www.legislation.gov.uk/uksi/2015/596/schedule/2/part/8/crossheading/class-c-works-to-inland-waterways/made,8,Transport related development,C,Works to inland waterways,"The improvement, maintenance or repair of an inland waterway (other than a commercial waterway or cruising waterway) to which section 104 of the Transport Act 1968 (classification of waterways)(30) applies, and the repair or maintenance of a culvert, weir, lock, aqueduct, sluice, reservoir, let-off valve or other work used in connection with the control and operation of such a waterway",2020-12-31,1995,,/permitted-development-right/8C
8D,https://www.legislation.gov.uk/uksi/2015/596/schedule/2/part/8/made,https://www.legislation.gov.uk/uksi/2015/596/schedule/2/part/8/crossheading/class-d-dredging-by-transport-undertakings/made,8,Transport related development,D,Dredging by transport undertakings,"The use of any land by statutory undertakers in respect of dock, pier, harbour, water transport, canal or inland navigation undertakings for the spreading of any dredged material",2020-12-31,1995,,/permitted-development-right/8D
8E,https://www.legislation.gov.uk/uksi/2015/596/schedule/2/part/8/made,https://www.legislation.gov.uk/uksi/2015/596/schedule/2/part/8/crossheading/class-e-development-for-the-aid-of-shipping/made,8,Transport related development,E,Development for the aid of shipping,"Development required for the purposes of the functions of a general or local lighthouse authority under the Merchant Shipping Act 1995(31) and any other statutory provision made with respect to a local lighthouse authority, or in the exercise by a local lighthouse authority of rights, powers or duties acquired by usage prior to the 1995 Act",2020-12-31,1995,,/permitted-development-right/8E
8F,https://www.legislation.gov.uk/uksi/2015/596/schedule/2/part/8/made,https://www.legislation.gov.uk/uksi/2015/596/schedule/2/part/8/crossheading/class-f-development-at-an-airport/made,8,Transport related development,F,Development at an airport,The carrying out on operational land by a relevant airport operator or its agent of development (including the erection or alteration of an operational building) in connection with the provision of services and facilities at a relevant airport,2020-12-31,1995,,/permitted-development-right/8F
8G,https://www.legislation.gov.uk/uksi/2015/596/schedule/2/part/8/made,https://www.legislation.gov.uk/uksi/2015/596/schedule/2/part/8/crossheading/class-g-air-traffic-services-development-at-an-airport/made,8,Transport related development,G,Air traffic services development at an airport,The carrying out on operational land within the perimeter of a relevant airport by a relevant airport operator or its agent of development in connection with the provision of air traffic services,2020-12-31,1995,,/permitted-development-right/8G
8H,https://www.legislation.gov.uk/uksi/2015/596/schedule/2/part/8/made,https://www.legislation.gov.uk/uksi/2015/596/schedule/2/part/8/crossheading/class-h-air-traffic-services-development-near-an-airport/made,8,Transport related development,H,Air traffic services development near an airport,The carrying out on operational land outside but within 8 kilometres of the perimeter of a relevant airport by a relevant airport operator or its agent of development in connection with the provision of air traffic services,2020-12-31,1995,,/permitted-development-right/8H
8I,https://www.legislation.gov.uk/uksi/2015/596/schedule/2/part/8/made,https://www.legislation.gov.uk/uksi/2015/596/schedule/2/part/8/crossheading/class-i-development-by-an-air-traffic-services-licence-holder-within-an-airport/made,8,Transport related development,I,Development by an air traffic services licence holder within an airport,The carrying out by an air traffic services licence holder or its agents within the perimeter of an airport of development in connection with the provision of air traffic services,2020-12-31,1995,,/permitted-development-right/8I
8J,https://www.legislation.gov.uk/uksi/2015/596/schedule/2/part/8/made,https://www.legislation.gov.uk/uksi/2015/596/schedule/2/part/8/crossheading/class-j-development-by-an-air-traffic-services-licence-holder-on-operational-land/made,8,Transport related development,J,Development by an air traffic services licence holder on operational land,The carrying out on operational land of an air traffic services licence holder by that licence holder or its agents of development in connection with the provision of air traffic services,2020-12-31,1995,,/permitted-development-right/8J
8K,https://www.legislation.gov.uk/uksi/2015/596/schedule/2/part/8/made,https://www.legislation.gov.uk/uksi/2015/596/schedule/2/part/8/crossheading/class-k-development-by-an-air-traffic-services-licence-holder-in-an-emergency/made,8,Transport related development,K,Development by an air traffic services licence holder in an emergency,The use of land by or on behalf of an air traffic services licence holder in an emergency to station moveable apparatus replacing unserviceable apparatus,2020-12-31,1995,,/permitted-development-right/8K
8L,https://www.legislation.gov.uk/uksi/2015/596/schedule/2/part/8/made,https://www.legislation.gov.uk/uksi/2015/596/schedule/2/part/8/crossheading/class-l-development-by-an-air-traffic-services-licence-holder-involving-moveable-structures/made,8,Transport related development,L,Development by an air traffic services licence holder involving moveable structures,he use of land by or on behalf of an air traffic services licence holder to provide services and facilities in connection with the provision of air traffic services and the erection or placing of moveable structures on the land for the purposes of that use,2020-12-31,1995,,/permitted-development-right/8L
8M,https://www.legislation.gov.uk/uksi/2015/596/schedule/2/part/8/made,https://www.legislation.gov.uk/uksi/2015/596/schedule/2/part/8/crossheading/class-m-development-by-the-civil-aviation-authority-for-surveys-etc/made,8,Transport related development,M,Development by the Civil Aviation Authority for surveys etc,The use of land by or on behalf of the Civil Aviation Authority for the stationing and operation of apparatus in connection with the carrying out of surveys or investigations,2020-12-31,1995,,/permitted-development-right/8M
8N,https://www.legislation.gov.uk/uksi/2015/596/schedule/2/part/8/made,https://www.legislation.gov.uk/uksi/2015/596/schedule/2/part/8/crossheading/class-n-use-of-airport-buildings-managed-by-relevant-airport-operators/made,8,Transport related development,N,Use of airport buildings managed by relevant airport operators,The use of buildings within the perimeter of an airport managed by a relevant airport operator for purposes connected with air transport services or other flying activities at that airport,2020-12-31,1995,,/permitted-development-right/8N
9A,https://www.legislation.gov.uk/uksi/2015/596/schedule/2/part/9/made,https://www.legislation.gov.uk/uksi/2015/596/schedule/2/part/9/crossheading/class-a-development-by-highways-authorities/made,9,Development relating to roads,A,Development by highways authorities,"The carrying out by a highway authority:
(a) on land within the boundaries of a road, of any works required for the maintenance or improvement of the road, where such works involve development by virtue of section 55(2)(b)(38) of the Act; or
(b) on land outside but adjoining the boundary of an existing highway of works required for or incidental to the maintenance or improvement of the highway.",2020-12-31,1995,,/permitted-development-right/9A
9B,https://www.legislation.gov.uk/uksi/2015/596/schedule/2/part/9/made,https://www.legislation.gov.uk/uksi/2015/596/schedule/2/part/9/crossheading/class-b-development-by-the-secretary-of-state-or-a-strategic-highways-company-under-the-highways-act-1980/made,9,Development relating to roads,B,Development by the Secretary of State or a strategic highways company under the Highways Act 1980,"The carrying out by the Secretary of State or a strategic highways company of works in exercise of the functions of the Secretary of State or the company under the Highways Act 1980(39), or works in connection with, or incidental to, the exercise of those functions",2020-12-31,1995,,/permitted-development-right/9B
9C,https://www.legislation.gov.uk/uksi/2015/596/schedule/2/part/9/made,https://www.legislation.gov.uk/uksi/2015/596/schedule/2/part/9/crossheading/class-c-tramway-or-road-transport-undertakings/made,9,Development relating to roads,C,Tramway or road transport undertakings,"Development required for the purposes of the carrying on of any tramway or road transport undertaking consisting of:
(a) the installation of posts, overhead wires, underground cables, feeder pillars or transformer boxes in, on, over or adjacent to a highway for the purpose of supplying current to public service vehicles;
(b) the installation of tramway tracks, and conduits, drains and pipes in connection with such tracks for the working of tramways;
(c) the installation of telephone cables and apparatus, huts, stop posts and signs required in connection with the operation of public service vehicles;
(d) the erection or construction and the maintenance, improvement or other alteration of passenger shelters and barriers for the control of people waiting to enter public service vehicles;
(e) any other development on operational land of the undertaking",2020-12-31,1995,,/permitted-development-right/9C
9D,https://www.legislation.gov.uk/uksi/2015/596/schedule/2/part/9/made,https://www.legislation.gov.uk/uksi/2015/596/schedule/2/part/9/crossheading/class-d-toll-road-facilities/made,9,Development relating to roads,D,Toll road facilities,"Development consisting of:
(a) the setting up and the maintenance, improvement or other alteration of facilities for the collection of tolls;
(b) the provision of a hard surface to be used for the parking of vehicles in connection with the use of such facilities",2020-12-31,1995,,/permitted-development-right/9D
9E,https://www.legislation.gov.uk/uksi/2015/596/schedule/2/part/9/made,https://www.legislation.gov.uk/uksi/2015/596/schedule/2/part/9/crossheading/class-e-repairs-to-unadopted-streets-and-private-ways/made,9,Development relating to roads,E,Repairs to unadopted streets and private ways,The carrying out on land within the boundaries of an unadopted street or private way of works required for the maintenance or improvement of the street or way,2020-12-31,1995,,/permitted-development-right/9E
10A,https://www.legislation.gov.uk/uksi/2015/596/schedule/2/part/10/made,https://www.legislation.gov.uk/uksi/2015/596/schedule/2/part/10/crossheading/class-a/made,10,Repairs to services,A,Repairs to services,"The carrying out of any works for the purposes of inspecting, repairing or renewing any sewer, main, pipe, cable or other apparatus, including breaking open any land for that purpose",2020-12-31,1995,,/permitted-development-right/10A
11A,https://www.legislation.gov.uk/uksi/2015/596/schedule/2/part/11/made,https://www.legislation.gov.uk/uksi/2015/596/schedule/2/part/11/crossheading/class-a-development-by-historic-england/made,11,Heritage and demolition,A,Development by Historic England,"Development by or on behalf of Historic England(45), consisting of:
(a) the maintenance, repair or restoration of any building or monument;
(b) the erection of screens, fences or covers designed or intended to protect or safeguard any building or monument; or
(c) the carrying out of works to stabilise ground conditions by any cliff, watercourse or the coastline;
where such works are required for the purposes of securing the preservation of any building or monument.",2020-12-31,1995,,/permitted-development-right/11A
11B,https://www.legislation.gov.uk/uksi/2015/596/schedule/2/part/11/made,https://www.legislation.gov.uk/uksi/2015/596/schedule/2/part/11/crossheading/class-b-demolition-of-buildings/made,11,Heritage and demolition,B,Demolition of buildings,Any building operation consisting of the demolition of a building,2020-12-31,1995,,/permitted-development-right/11B
11C,https://www.legislation.gov.uk/uksi/2015/596/schedule/2/part/11/made,https://www.legislation.gov.uk/uksi/2015/596/schedule/2/part/11/crossheading/class-c-demolition-of-gates-fences-walls-etc/made,11,Heritage and demolition,C,"Demolition of gates, fences, walls etc","Any building operation consisting of the demolition of the whole or any part of any gate, fence, wall or other means of enclosure",2020-12-31,1995,,/permitted-development-right/11C
12A,https://www.legislation.gov.uk/uksi/2015/596/schedule/2/part/12/made,https://www.legislation.gov.uk/uksi/2015/596/schedule/2/part/12/crossheading/class-a/made,12,Development by local authorities,A,"Erection or construction and the maintenance, improvement or other alteration by a local authority or by an urban development corporation","The erection or construction and the maintenance, improvement or other alteration by a local authority or by an urban development corporation of:
(a) any small ancillary building, works or equipment on land belonging to or maintained by them required for the purposes of any function exercised by them on that land otherwise than as statutory undertakers;
(b) lamp standards, information kiosks, passenger shelters, public shelters and seats, telephone boxes, fire alarms, public drinking fountains, horse troughs, refuse bins or baskets, barriers for the control of people waiting to enter public service vehicles, electric vehicle charging points and any associated infrastructure, and similar structures or works required in connection with the operation of any public service administered by them",2020-12-31,1995,,/permitted-development-right/12A
12B,https://www.legislation.gov.uk/uksi/2015/596/schedule/2/part/12/made,https://www.legislation.gov.uk/uksi/2015/596/schedule/2/part/12/crossheading/class-b/made,12,Development by local authorities,B,Deposit of waste material,The deposit by a local authority of waste material on any land comprised in a site which was used for that purpose on 1st July 1948 whether or not the superficial area or the height of the deposit is extended as a result,2020-12-31,1995,,/permitted-development-right/12B
13A,https://www.legislation.gov.uk/uksi/2015/596/schedule/2/part/13/made,https://www.legislation.gov.uk/uksi/2015/596/schedule/2/part/13/crossheading/class-a-water-or-hydraulic-power-undertakings/made,13,Water and sewerage,A,Water or hydraulic power undertakings,"Development for the purposes of their undertaking by statutory undertakers for the supply of water or hydraulic power consisting of:
(a) development not above ground level required in connection with the supply of water or for conserving, redistributing or augmenting water resources, or for the conveyance of water treatment sludge;
(b) development in, on or under any watercourse and required in connection with the improvement or maintenance of that watercourse;
(c) the provision of a building, plant, machinery or apparatus in, on, over or under land for the purpose of survey or investigation;
(d) the maintenance, improvement or repair of works for measuring the flow in any watercourse or channel;
(e) the installation in a water distribution system of a booster station, valve house, meter or switch-gear house;
(f) any works authorised by or required in connection with an order made under section 73 of the Water Resources Act 1991 (power to make ordinary and emergency drought orders)(55);
(g) any other development in, on, over or under operational land other than the provision of a building but including the extension or alteration of a building.",2020-12-31,1995,,/permitted-development-right/13A
13B,https://www.legislation.gov.uk/uksi/2015/596/schedule/2/part/13/made,https://www.legislation.gov.uk/uksi/2015/596/schedule/2/part/13/crossheading/class-b-development-by-or-on-behalf-of-sewerage-undertakers/made,13,Water and sewerage,B,Development by or on behalf of sewerage undertakers,"Development by or on behalf of a sewerage undertaker consisting of:
(a) development not above ground level required in connection with the provision, improvement, maintenance or repair of a sewer, outfall pipe, sludge main or associated apparatus;
(b) the provision of a building, plant, machinery or apparatus in, on, over or under land for the purpose of survey or investigation;
(c) the maintenance, improvement or repair of works for measuring the flow in any watercourse or channel;
(d) the installation in a sewerage system of a pumping station, valve house, control panel house or switch-gear house;
(e) any works authorised by or required in connection with an order made under section 73 of the Water Resources Act 1991 (power to make ordinary and emergency drought orders)(56);
(f) any other development in, on, over or under their operational land, other than the provision of a building but including the extension or alteration of a building.",2020-12-31,1995,,/permitted-development-right/13B
13C,https://www.legislation.gov.uk/uksi/2015/596/schedule/2/part/13/made,https://www.legislation.gov.uk/uksi/2015/596/schedule/2/part/13/crossheading/class-c-development-by-drainage-bodies/made,13,Water and sewerage,C,Development by drainage bodies,"Development by a drainage body in, on or under any watercourse or land drainage works required in connection with the improvement, maintenance or repair of that watercourse or those works",2020-12-31,1995,,/permitted-development-right/13C
13D,https://www.legislation.gov.uk/uksi/2015/596/schedule/2/part/13/made,https://www.legislation.gov.uk/uksi/2015/596/schedule/2/part/13/crossheading/class-d-development-by-the-environment-agency/made,13,Water and sewerage,D,Development by the Environment Agency,"Development by the Environment Agency for the purposes of its functions, consisting of:
(a) development not above ground level required in connection with conserving, redistributing or augmenting water resources;
(b) development in, on or under any watercourse or land drainage works and required in connection with the improvement, maintenance or repair of that watercourse or those works;
(c) the provision of a building, plant, machinery or apparatus in, on, over or under land for the purpose of survey or investigation;
(d) the maintenance, improvement or repair of works for measuring the flow in any watercourse or channel;
(e) any works authorised by or required in connection with an order made under section 73 of the Water Resources Act 1991 (power to make ordinary and emergency drought orders);
(f) any other development in, on, over or under their operational land, other than the provision of a building but including the extension or alteration of a building.",2020-12-31,1995,,/permitted-development-right/13D
14A,https://www.legislation.gov.uk/uksi/2015/596/schedule/2/part/14/made,https://www.legislation.gov.uk/uksi/2015/596/schedule/2/part/14/crossheading/class-a-installation-or-alteration-etc-of-solar-equipment-on-domestic-premises/made,14,Renewable energy,A,Installation or alteration etc of solar equipment on domestic premises,"The installation, alteration or replacement of microgeneration solar PV or solar thermal equipment on:
(a) a dwellinghouse or a block of flats; or
(b) a building situated within the curtilage of a dwellinghouse or a block of flats",2020-12-31,1995,,/permitted-development-right/14A
14B,https://www.legislation.gov.uk/uksi/2015/596/schedule/2/part/14/made,https://www.legislation.gov.uk/uksi/2015/596/schedule/2/part/14/crossheading/class-b-installation-or-alteration-etc-of-standalone-solar-equipment-on-domestic-premises/made,14,Renewable energy,B,Installation or alteration etc of stand-alone solar equipment on domestic premises,"The installation, alteration or replacement of stand-alone solar for microgeneration within the curtilage of a dwellinghouse or a block of flats.",2020-12-31,1995,,/permitted-development-right/14B
14C,https://www.legislation.gov.uk/uksi/2015/596/schedule/2/part/14/made,https://www.legislation.gov.uk/uksi/2015/596/schedule/2/part/14/crossheading/class-c-installation-or-alteration-etc-of-ground-source-heat-pumps-on-domestic-premises/made,14,Renewable energy,C,Installation or alteration etc of ground source heat pumps on domestic premises,"The installation, alteration or replacement of a microgeneration ground source heat pump within the curtilage of a dwellinghouse or a block of flats.",2020-12-31,1995,,/permitted-development-right/14C
14D,https://www.legislation.gov.uk/uksi/2015/596/schedule/2/part/14/made,https://www.legislation.gov.uk/uksi/2015/596/schedule/2/part/14/crossheading/class-d-installation-or-alteration-etc-of-water-source-heat-pumps-on-domestic-premises/made,14,Renewable energy,D,Installation or alteration etc of water source heat pumps on domestic premises,"The installation, alteration or replacement of a microgeneration water source heat pump within the curtilage of a dwellinghouse or a block of flats.",2020-12-31,1995,,/permitted-development-right/14D
14E,https://www.legislation.gov.uk/uksi/2015/596/schedule/2/part/14/made,https://www.legislation.gov.uk/uksi/2015/596/schedule/2/part/14/crossheading/class-e-installation-or-alteration-etc-of-flue-for-biomass-heating-system-on-domestic-premises/made,14,Renewable energy,E,Installation or alteration etc of flue for biomass heating system on domestic premises,"The installation, alteration or replacement of a flue, forming part of a microgeneration biomass heating system, on a dwellinghouse or a block of flats",2020-12-31,1995,,/permitted-development-right/14E
14F,https://www.legislation.gov.uk/uksi/2015/596/schedule/2/part/14/made,https://www.legislation.gov.uk/uksi/2015/596/schedule/2/part/14/crossheading/class-f-installation-or-alteration-etc-of-flue-for-combined-heat-and-power-on-domestic-premises/made,14,Renewable energy,F,Installation or alteration etc of flue for combined heat and power on domestic premises,"The installation, alteration or replacement of a flue, forming part of a microgeneration combined heat and power system, on a dwellinghouse or a block of flats",2020-12-31,1995,,/permitted-development-right/14F
14G,https://www.legislation.gov.uk/uksi/2015/596/schedule/2/part/14/made,https://www.legislation.gov.uk/uksi/2015/596/schedule/2/part/14/crossheading/class-g-installation-or-alteration-etc-of-air-source-heat-pumps-on-domestic-premises/made,14,Renewable energy,G,Installation or alteration etc of air source heat pumps on domestic premises,"The installation, alteration or replacement of a microgeneration air source heat pump:
(a) on a dwellinghouse or a block of flats; or
(b) within the curtilage of a dwellinghouse or a block of flats, including on a building within that curtilage",2020-12-31,1995,,/permitted-development-right/14G
14H,https://www.legislation.gov.uk/uksi/2015/596/schedule/2/part/14/made,https://www.legislation.gov.uk/uksi/2015/596/schedule/2/part/14/crossheading/class-h-installation-or-alteration-etc-of-wind-turbine-on-domestic-premises/made,14,Renewable energy,H,Installation or alteration etc of wind turbine on domestic premises,"The installation, alteration or replacement of a microgeneration wind turbine on:
(a) a detached dwellinghouse; or
(b) a detached building situated within the curtilage of a dwellinghouse or a block of flats",2020-12-31,1995,,/permitted-development-right/14H
14I,https://www.legislation.gov.uk/uksi/2015/596/schedule/2/part/14/made,https://www.legislation.gov.uk/uksi/2015/596/schedule/2/part/14/crossheading/class-i-installation-or-alteration-etc-of-standalone-wind-turbine-on-domestic-premises/made,14,Renewable energy,I,Installation or alteration etc of stand-alone wind turbine on domestic premises,"The installation, alteration or replacement of a stand-alone wind turbine for microgeneration within the curtilage of a dwellinghouse or a block of flats",2020-12-31,1995,,/permitted-development-right/14I
14J,https://www.legislation.gov.uk/uksi/2015/596/schedule/2/part/14/made,https://www.legislation.gov.uk/uksi/2015/596/schedule/2/part/14/crossheading/class-j-installation-or-alteration-etc-of-solar-equipment-on-nondomestic-premises/made,14,Renewable energy,J,Installation or alteration etc of solar equipment on non-domestic premises,"The installation, alteration or replacement of:
(a) microgeneration solar thermal equipment on a building;
(b) microgeneration solar PV equipment on a building; or
(c) other solar PV equipment on the roof of a building, other than a dwellinghouse or a block of flats.",2020-12-31,1995,,/permitted-development-right/14J
14K,https://www.legislation.gov.uk/uksi/2015/596/schedule/2/part/14/made,https://www.legislation.gov.uk/uksi/2015/596/schedule/2/part/14/crossheading/class-k-installation-or-alteration-etc-of-standalone-solar-equipment-on-nondomestic-premises/made,14,Renewable energy,K,Installation or alteration etc of stand-alone solar equipment on non-domestic premises,"The installation, alteration or replacement of stand-alone solar for microgeneration within the curtilage of a building other than a dwellinghouse or a block of flats",2020-12-31,1995,,/permitted-development-right/14K
14L,https://www.legislation.gov.uk/uksi/2015/596/schedule/2/part/14/made,https://www.legislation.gov.uk/uksi/2015/596/schedule/2/part/14/crossheading/class-l-installation-or-alteration-etc-of-ground-source-heat-pump-on-nondomestic-premises/made,14,Renewable energy,L,Installation or alteration etc of ground source heat pump on non-domestic premises,"The installation, alteration or replacement of a microgeneration ground source heat pump within the curtilage of a building other than a dwellinghouse or a block of flats",2020-12-31,1995,,/permitted-development-right/14L
14M,https://www.legislation.gov.uk/uksi/2015/596/schedule/2/part/14/made,https://www.legislation.gov.uk/uksi/2015/596/schedule/2/part/14/crossheading/class-m-installation-or-alteration-etc-of-water-source-heat-pump-on-nondomestic-premises/made,14,Renewable energy,M,Installation or alteration etc of water source heat pump on non-domestic premises,"The installation, alteration or replacement of a microgeneration water source heat pump within the curtilage of a building other than a dwellinghouse or a block of flat",2020-12-31,1995,,/permitted-development-right/14M
14N,https://www.legislation.gov.uk/uksi/2015/596/schedule/2/part/14/made,https://www.legislation.gov.uk/uksi/2015/596/schedule/2/part/14/crossheading/class-n-installation-etc-of-flue-for-biomass-heating-system-on-nondomestic-premises/made,14,Renewable energy,N,Installation etc of flue for biomass heating system on non-domestic premises,"The installation, alteration or replacement of a flue, forming part of a microgeneration biomass heating system, on a building other than:
(a) a dwellinghouse or a block of flats; or
(b) a building situated within the curtilage of a dwellinghouse or a block of flats.",2020-12-31,1995,,/permitted-development-right/14N
14O,https://www.legislation.gov.uk/uksi/2015/596/schedule/2/part/14/made,https://www.legislation.gov.uk/uksi/2015/596/schedule/2/part/14/crossheading/class-o-installation-etc-of-flue-for-combined-heat-and-power-on-nondomestic-premises/made,14,Renewable energy,O,Installation etc of flue for combined heat and power on non-domestic premises,"The installation, alteration or replacement of a flue, forming part of a microgeneration combined heat and power system, on a building other than:
(a) a dwellinghouse or a block of flats; or
(b) a building situated within the curtilage of a dwellinghouse or a block of flats",2020-12-31,1995,,/permitted-development-right/14O
15A,https://www.legislation.gov.uk/uksi/2015/596/schedule/2/part/15/made,https://www.legislation.gov.uk/uksi/2015/596/schedule/2/part/15/crossheading/class-a-gas-transporters/made,15,Power related development,A,Gas transporters,"Development by a gas transporter required for the purposes of its undertaking consisting of:
(a) the laying underground of mains, pipes or other apparatus;
(b) the installation in a gas distribution system of apparatus for measuring, recording, controlling or varying the pressure, flow or volume of gas, and structures for housing such apparatus;
(c) the construction in any storage area or protective area specified in an order made under section 4 of the Gas Act 1965 (storage authorisation orders)(65), of boreholes, and the erection or construction in any such area of any plant or machinery required in connection with the construction of such boreholes;
(d) the placing and storage on land of pipes and other apparatus to be included in a main or pipe which is being or is about to be laid or constructed in pursuance of planning permission granted or deemed to be granted under Part 3 of the Act (control over development);
(e) the erection on operational land of the gas transporter of a building solely for the protection of plant or machinery;
(f) any other development carried out in, on, over or under the operational land of the gas transporter.",2020-12-31,1995,,/permitted-development-right/15A
15B,https://www.legislation.gov.uk/uksi/2015/596/schedule/2/part/15/made,https://www.legislation.gov.uk/uksi/2015/596/schedule/2/part/15/crossheading/class-b-electricity-undertakings/made,15,Power related development,B,Electricity undertakings,"Development by statutory undertakers for the generation, transmission, distribution or supply of electricity for the purposes of their undertaking consisting of:
(a) the installation or replacement in, on, over or under land of an electric line and the construction of shafts and tunnels and the installation or replacement of feeder or service pillars or transforming or switching stations or chambers reasonably necessary in connection with an electric line;
(b) the installation or replacement of any electronic communications line which connects any part of an electric line to any electrical plant or building, and the installation or replacement of any support for any such line;
(c) the sinking of boreholes to ascertain the nature of the subsoil and the installation of any plant or machinery reasonably necessary in connection with such boreholes;
(d) the extension or alteration of buildings on operational land;
(e) the erection on operational land of the undertaking or a building solely for the protection of plant or machinery;
(f) any other development carried out in, on, over or under the operational land of the undertaking",2020-12-31,1995,,/permitted-development-right/15B
16A,https://www.legislation.gov.uk/uksi/2015/596/schedule/2/part/16/made,https://www.legislation.gov.uk/uksi/2015/596/schedule/2/part/16/crossheading/class-a-electronic-communications-code-operators/made,16,Communications,A,Electronic communications code operators,"Development by or on behalf of an electronic communications code operator for the purpose of the operator’s electronic communications network in, on, over or under land controlled by that operator or in accordance with the electronic communications code, consisting of:
(a) the installation, alteration or replacement of any electronic communications apparatus,
(b) the use of land in an emergency for a period not exceeding 6 months to station and operate moveable electronic communications apparatus required for the replacement of unserviceable electronic communications apparatus, including the provision of moveable structures on the land for the purposes of that use, or
(c) development ancillary to radio equipment housing.",2020-12-31,1995,,/permitted-development-right/16A
16B,https://www.legislation.gov.uk/uksi/2015/596/schedule/2/part/16/made,https://www.legislation.gov.uk/uksi/2015/596/schedule/2/part/16/crossheading/class-b-other-telecommunications-development/made,16,Communications,B,Other telecommunications development,"The installation, alteration or replacement on any building or other structure of a height of 15 metres or more of a microwave antenna and any structure intended for the support of a microwave antenna",2020-12-31,1995,,/permitted-development-right/16B
16C,https://www.legislation.gov.uk/uksi/2015/596/schedule/2/part/16/made,https://www.legislation.gov.uk/uksi/2015/596/schedule/2/part/16/crossheading/class-c-other-telecommunications-development-microwave-antenna/made,16,Communications,C,Other telecommunications development: microwave antenna,"The installation, alteration or replacement on any building or other structure of a height of less than 15 metres of a microwave antenna.",2020-12-31,1995,,/permitted-development-right/16C
16D,https://www.legislation.gov.uk/uksi/2015/596/schedule/2/part/16/made,https://www.legislation.gov.uk/uksi/2015/596/schedule/2/part/16/crossheading/class-d-driver-information-systems/made,16,Communications,D,Driver information systems,"The installation, alteration or replacement of system apparatus by or on behalf of a driver information system operator.",2020-12-31,1995,,/permitted-development-right/16D
16E,https://www.legislation.gov.uk/uksi/2015/596/schedule/2/part/16/made,https://www.legislation.gov.uk/uksi/2015/596/schedule/2/part/16/crossheading/class-e-universal-postal-service-providers/made,16,Communications,E,Universal postal service providers,"Development required for the purposes of a universal service provider (within the meaning of Part 3 of the Postal Services Act 2011(78)) in connection with the provision of a universal postal service (within the meaning of that Part) consisting of:
(a) the installation of posting boxes or self-service machines,
(b) any other development carried out in, on, over or under the operational land of the undertaking",2020-12-31,1995,,/permitted-development-right/16E
17A,https://www.legislation.gov.uk/uksi/2015/596/schedule/2/part/17/made,https://www.legislation.gov.uk/uksi/2015/596/schedule/2/part/17/crossheading/class-a-extensions-alterations-etc-ancillary-to-mining-operations/made,17,Mining and mineral exploration,A,"Extensions, alterations etc ancillary to mining operations","The carrying out of operations for the erection, extension, installation, rearrangement, replacement, repair or other alteration of any:
(a) plant or machinery,
(b) buildings,
(c) private ways or private railways or sidings, or
(d) sewers, mains, pipes, cables or other similar apparatus, on land used as a mine",2020-12-31,1995,,/permitted-development-right/17A
17B,https://www.legislation.gov.uk/uksi/2015/596/schedule/2/part/17/made,https://www.legislation.gov.uk/uksi/2015/596/schedule/2/part/17/crossheading/class-b-other-developments-ancillary-to-mining-operations/made,17,Mining and mineral exploration,B,Other developments ancillary to mining operations,"The carrying out, on land used as a mine or on ancillary mining land of operations for the erection, installation, extension, rearrangement, replacement, repair or other alteration of any:
(a) plant or machinery,
(b) buildings, or
(c) structures or erections",2020-12-31,1995,,/permitted-development-right/17B
17C,https://www.legislation.gov.uk/uksi/2015/596/schedule/2/part/17/made,https://www.legislation.gov.uk/uksi/2015/596/schedule/2/part/17/crossheading/class-c-developments-for-maintenance-or-safety/made,17,Mining and mineral exploration,C,Developments for maintenance or safety,The carrying out of development required for the maintenance or safety of a mine or a disused mine or for the purposes of ensuring the safety of the surface of the land at or adjacent to a mine or a disused mine,2020-12-31,1995,,/permitted-development-right/17C
17D,https://www.legislation.gov.uk/uksi/2015/596/schedule/2/part/17/made,https://www.legislation.gov.uk/uksi/2015/596/schedule/2/part/17/crossheading/class-d-coal-mining-development-by-the-coal-authority-and-licensed-operators/made,17,Mining and mineral exploration,D,Coal mining development by the Coal Authority and licensed operators,"Development by a licensee of the Coal Authority, in a mine started before 1st July 1948, consisting of:
(a) the winning and working underground of coal or coal-related minerals in a designated seam area; or
(b) the carrying out of development underground which is required in order to gain access to and work coal or coal-related minerals in a designated seam area",2020-12-31,1995,,/permitted-development-right/17D
17E,https://www.legislation.gov.uk/uksi/2015/596/schedule/2/part/17/made,https://www.legislation.gov.uk/uksi/2015/596/schedule/2/part/17/crossheading/class-e-coal-mining-development-by-a-licensee-of-the-british-coal-corporation/made,17,Mining and mineral exploration,E,Coal mining development by a licensee of the British Coal Corporation,"Development by a licensee of the British Coal Corporation, in a mine started before 1st July 1948, consisting of:
(a) the winning and working underground of coal or coal-related minerals in a designated seam area; or
(b) the carrying out of development underground which is required in order to gain access to and work coal or coal-related minerals in a designated seam area",2020-12-31,1995,,/permitted-development-right/17E
17F,https://www.legislation.gov.uk/uksi/2015/596/schedule/2/part/17/made,https://www.legislation.gov.uk/uksi/2015/596/schedule/2/part/17/crossheading/class-f-coalmining-development-on-an-authorised-site/made,17,Mining and mineral exploration,F,Coal-mining development on an authorised site,Any development required for the purposes of a mine which is carried out on an authorised site at that mine by a licensed operator in connection with coal-mining operations,2020-12-31,1995,,/permitted-development-right/17F
17G,https://www.legislation.gov.uk/uksi/2015/596/schedule/2/part/17/made,https://www.legislation.gov.uk/uksi/2015/596/schedule/2/part/17/crossheading/class-g-coalmining-development-by-the-coal-authority-etc-for-maintenance-or-safety/made,17,Mining and mineral exploration,G,Coal-mining development by the Coal Authority etc for maintenance or safety,The carrying out by the Coal Authority or a licensed operator of development required for the maintenance or safety of a mine or a disused mine or for the purposes of ensuring the safety of the surface of the land at or adjacent to a mine or a disused mine,2020-12-31,1995,,/permitted-development-right/17G
17H,https://www.legislation.gov.uk/uksi/2015/596/schedule/2/part/17/made,https://www.legislation.gov.uk/uksi/2015/596/schedule/2/part/17/crossheading/class-h-waste-tipping-at-a-mine/made,17,Mining and mineral exploration,H,Waste tipping at a mine,"The deposit, on premises used as a mine or on ancillary mining land already used for the purpose, of waste derived from the winning and working of minerals at that mine or from minerals brought to the surface at that mine, or from the treatment or the preparation for sale, consumption or utilization of minerals from the mine",2020-12-31,1995,,/permitted-development-right/17H
17I,https://www.legislation.gov.uk/uksi/2015/596/schedule/2/part/17/made,https://www.legislation.gov.uk/uksi/2015/596/schedule/2/part/17/crossheading/class-i-waste-tipping-from-a-mine-on-sites-used-since-1948/made,17,Mining and mineral exploration,I,Waste tipping from a mine on sites used since 1948,The deposit on land comprised in a site used for the deposit of waste materials or refuse on 1st July 1948 of waste resulting from coal-mining operations,2020-12-31,1995,,/permitted-development-right/17I
17J,https://www.legislation.gov.uk/uksi/2015/596/schedule/2/part/17/made,https://www.legislation.gov.uk/uksi/2015/596/schedule/2/part/17/crossheading/class-j-temporary-use-of-land-etc-for-mineral-exploration/made,17,Mining and mineral exploration,J,Temporary use of land etc for mineral exploration,"Development on any land during a period not exceeding 28 consecutive days consisting of:
(a) the drilling of boreholes;
(b) the carrying out of seismic surveys; or
(c) the making of other excavations, for the purpose of mineral exploration, and the provision or assembly on that land or adjoining land of any structure required in connection with any of those operations",2020-12-31,1995,,/permitted-development-right/17J
17K,https://www.legislation.gov.uk/uksi/2015/596/schedule/2/part/17/made,https://www.legislation.gov.uk/uksi/2015/596/schedule/2/part/17/crossheading/class-k-use-of-land-etc-for-mineral-exploration/made,17,Mining and mineral exploration,K,Use of land etc for mineral exploration,"Development on any land consisting of:
(a) the drilling of boreholes;
(b) the carrying out of seismic surveys; or
(c) the making of other excavations, for the purposes of mineral exploration, and the provision or assembly on that land or on adjoining land of any structure required in connection with any of those operations",2020-12-31,1995,,/permitted-development-right/17K
17L,https://www.legislation.gov.uk/uksi/2015/596/schedule/2/part/17/made,https://www.legislation.gov.uk/uksi/2015/596/schedule/2/part/17/crossheading/class-l-removal-of-material-from-a-stockpile/made,17,Mining and mineral exploration,L,Removal of material from a stockpile,The removal of material of any description from a stockpile,2020-12-31,1995,,/permitted-development-right/17L
17M,https://www.legislation.gov.uk/uksi/2015/596/schedule/2/part/17/made,https://www.legislation.gov.uk/uksi/2015/596/schedule/2/part/17/crossheading/class-m-removal-of-material-from-mineralworking-deposits/made,17,Mining and mineral exploration,M,Removal of material from mineral-working deposits,The removal of material of any description from a mineral-working deposit other than a stockpile,2020-12-31,1995,,/permitted-development-right/17M
18A,https://www.legislation.gov.uk/uksi/2015/596/schedule/2/part/18/made,https://www.legislation.gov.uk/uksi/2015/596/schedule/2/part/18/crossheading/class-a-development-under-local-or-private-acts-or-order/made,18,Miscellaneous development,A,Development under local or private Acts or Order,"Development authorised by:
(a) a local or private Act of Parliament,
(b) an order approved by both Houses of Parliament, or
(c) an order under section 14 or 16 of the Harbours Act 1964 (orders for securing harbour efficiency etc, and orders conferring powers for improvement, construction etc of harbours)(97), which designates specifically the nature of the development authorised and the land upon which it may be carried out",2020-12-31,1995,,/permitted-development-right/18A
18B,https://www.legislation.gov.uk/uksi/2015/596/schedule/2/part/18/made,https://www.legislation.gov.uk/uksi/2015/596/schedule/2/part/18/crossheading/class-b-development-at-amusement-parks/made,18,Miscellaneous development,B,Development at amusement parks,"Development on land used as an amusement park consisting of:
(a) the erection of booths or stalls or the installation of plant or machinery to be used for or in connection with the entertainment of the public within the amusement park; or
(b) the extension, alteration or replacement of any existing booths or stalls, plant or machinery so used",2020-12-31,1995,,/permitted-development-right/18B
19A,https://www.legislation.gov.uk/uksi/2015/596/schedule/2/part/19/made,https://www.legislation.gov.uk/uksi/2015/596/schedule/2/part/19/crossheading/class-a-general-development-by-the-crown/made,19,Development by the Crown or for national security purposes,A,General development by the Crown,"The erection or construction and the maintenance, improvement or other alteration by or on behalf of the Crown of:
(a) any small ancillary building, works or equipment on Crown land required for operational purposes;
(b) lamp standards, information kiosks, passenger shelters, shelters and seats, telephone boxes, fire alarms, drinking fountains, refuse bins or baskets, barriers for the control of people and vehicles, and similar structures or works required in connection with the operational purposes of the Crown",2020-12-31,1995,,/permitted-development-right/19A
19B,https://www.legislation.gov.uk/uksi/2015/596/schedule/2/part/19/made,https://www.legislation.gov.uk/uksi/2015/596/schedule/2/part/19/crossheading/class-b-extension-or-alteration-of-an-operational-crown-building/made,19,Development by the Crown or for national security purposes,B,Extension or alteration of an operational Crown building,The extension or alteration by or on behalf of the Crown of an operational Crown building,2020-12-31,1995,,/permitted-development-right/19B
19C,https://www.legislation.gov.uk/uksi/2015/596/schedule/2/part/19/made,https://www.legislation.gov.uk/uksi/2015/596/schedule/2/part/19/crossheading/class-c-developments-on-operational-crown-land/made,19,Development by the Crown or for national security purposes,C,Developments on operational Crown land,"Development carried out by or on behalf of the Crown on operational Crown land for operational purposes consisting of:
(a) the installation of additional or replacement plant or machinery;
(b) the provision, rearrangement or replacement of a sewer, main, pipe, cable or other apparatus; or
(c) the provision, rearrangement or replacement of a private way, private railway, siding or conveyor",2020-12-31,1995,,/permitted-development-right/19C
19D,https://www.legislation.gov.uk/uksi/2015/596/schedule/2/part/19/made,https://www.legislation.gov.uk/uksi/2015/596/schedule/2/part/19/crossheading/class-d-hard-surfaces-for-operational-crown-buildings/made,19,Development by the Crown or for national security purposes,D,Hard surfaces for operational Crown buildings,The provision by or on behalf of the Crown of a hard surface within the curtilage of an operational Crown building,2020-12-31,1995,,/permitted-development-right/19D
19E,https://www.legislation.gov.uk/uksi/2015/596/schedule/2/part/19/made,https://www.legislation.gov.uk/uksi/2015/596/schedule/2/part/19/crossheading/class-e-development-on-operational-crown-land-relating-to-an-airbase/made,19,Development by the Crown or for national security purposes,E,Development on operational Crown land relating to an airbase,"The carrying out on operational Crown land, by or on behalf of the Crown, of development (including the erection or alteration of an operational building) in connection with the provision of services and facilities at an airbase",2020-12-31,1995,,/permitted-development-right/19E
19F,https://www.legislation.gov.uk/uksi/2015/596/schedule/2/part/19/made,https://www.legislation.gov.uk/uksi/2015/596/schedule/2/part/19/crossheading/class-f-development-on-operational-land-within-an-airbase/made,19,Development by the Crown or for national security purposes,F,Development on operational land within an airbase,"The carrying out on operational land within the perimeter of an airbase, by or on behalf of the Crown, of development in connection with the provision of air traffic services",2020-12-31,1995,,/permitted-development-right/19F
19G,https://www.legislation.gov.uk/uksi/2015/596/schedule/2/part/19/made,https://www.legislation.gov.uk/uksi/2015/596/schedule/2/part/19/crossheading/class-g-development-on-operational-land-outside-an-airbase/made,19,Development by the Crown or for national security purposes,G,Development on operational land outside an airbase,"The carrying out on operational land outside but within 8 kilometres of the perimeter of an airbase, by or on behalf of the Crown, of development in connection with the provision of air traffic services",2020-12-31,1995,,/permitted-development-right/19G
19H,https://www.legislation.gov.uk/uksi/2015/596/schedule/2/part/19/made,https://www.legislation.gov.uk/uksi/2015/596/schedule/2/part/19/crossheading/class-h-development-on-operational-land-by-the-crown-connected-with-air-traffic-services/made,19,Development by the Crown or for national security purposes,H,Development on operational land by the Crown connected with air traffic services,"The carrying out on operational land, by or on behalf of the Crown, of development in connection with the provision of air traffic services",2020-12-31,1995,,/permitted-development-right/19H
19I,https://www.legislation.gov.uk/uksi/2015/596/schedule/2/part/19/made,https://www.legislation.gov.uk/uksi/2015/596/schedule/2/part/19/crossheading/class-i-emergency-use-of-land-by-the-crown-connected-with-air-traffic-services/made,19,Development by the Crown or for national security purposes,I,Emergency use of land by the Crown connected with air traffic services,The use of land by or on behalf of the Crown in an emergency to station moveable apparatus replacing unserviceable apparatus in connection with the provision of air traffic services,2020-12-31,1995,,/permitted-development-right/19I
19J,https://www.legislation.gov.uk/uksi/2015/596/schedule/2/part/19/made,https://www.legislation.gov.uk/uksi/2015/596/schedule/2/part/19/crossheading/class-j-use-of-land-etc-by-the-crown-connected-with-air-traffic-services/made,19,Development by the Crown or for national security purposes,J,Use of land etc by the Crown connected with air traffic services,The use of land by or on behalf of the Crown to provide services and facilities in connection with the provision of air traffic services and the erection or placing of moveable structures on the land for the purposes of that use,2020-12-31,1995,,/permitted-development-right/19J
19K,https://www.legislation.gov.uk/uksi/2015/596/schedule/2/part/19/made,https://www.legislation.gov.uk/uksi/2015/596/schedule/2/part/19/crossheading/class-k-use-of-land-by-the-crown-in-relation-to-surveys-etc/made,19,Development by the Crown or for national security purposes,K,Use of land by the Crown in relation to surveys etc,The use of land by or on behalf of the Crown for the stationing and operation of apparatus in connection with the carrying out of surveys or investigations,2020-12-31,1995,,/permitted-development-right/19K
19L,https://www.legislation.gov.uk/uksi/2015/596/schedule/2/part/19/made,https://www.legislation.gov.uk/uksi/2015/596/schedule/2/part/19/crossheading/class-l-use-of-buildings-by-the-crown-on-an-airbase-connected-to-air-transport-services-etc/made,19,Development by the Crown or for national security purposes,L,Use of buildings by the Crown on an airbase connected to air transport services etc,The use of buildings by or on behalf of the Crown within the perimeter of an airbase for purposes connected with air transport services or other flying activities at that airbase,2020-12-31,1995,,/permitted-development-right/19L
19M,https://www.legislation.gov.uk/uksi/2015/596/schedule/2/part/19/made,https://www.legislation.gov.uk/uksi/2015/596/schedule/2/part/19/crossheading/class-m-development-by-the-crown-on-operational-crown-land-connected-to-rail/made,19,Development by the Crown or for national security purposes,M,Development by the Crown on operational Crown land connected to rail,"Development by or on behalf of the Crown on operational Crown land, required in connection with the movement of traffic by rail",2020-12-31,1995,,/permitted-development-right/19M
19N,https://www.legislation.gov.uk/uksi/2015/596/schedule/2/part/19/made,https://www.legislation.gov.uk/uksi/2015/596/schedule/2/part/19/crossheading/class-n-development-by-the-crown-on-operational-crown-land-connected-to-shipping-etc/made,19,Development by the Crown or for national security purposes,N,Development by the Crown on operational Crown land connected to shipping etc,"Development by or on behalf of the Crown or its lessees on operational Crown land where the development is required:
(a) for the purposes of shipping; or
(b) at a dock, pier, pontoon or harbour in connection with the embarking, disembarking, loading, discharging or transport of military or civilian personnel, military equipment, munitions, or other items.",2020-12-31,1995,,/permitted-development-right/19N
19O,https://www.legislation.gov.uk/uksi/2015/596/schedule/2/part/19/made,https://www.legislation.gov.uk/uksi/2015/596/schedule/2/part/19/crossheading/class-o-use-of-land-by-the-crown-for-spreading-of-dredged-material/made,19,Development by the Crown or for national security purposes,O,Use of land by the Crown for spreading of dredged material,"The use of any land by or on behalf of the Crown for the spreading of any dredged material resulting from a dock, pier, harbour, water transport, canal or inland navigation undertaking",2020-12-31,1995,,/permitted-development-right/19O
19P,https://www.legislation.gov.uk/uksi/2015/596/schedule/2/part/19/made,https://www.legislation.gov.uk/uksi/2015/596/schedule/2/part/19/crossheading/class-p-development-by-the-crown-on-operational-crown-land-etc-relating-to-aids-to-shipping/made,19,Development by the Crown or for national security purposes,P,Development by the Crown on operational Crown land etc relating to aids to shipping,"Development by or on behalf of the Crown on operational Crown land, or for operational purposes, consisting of:
(a) the use of the land as a lighthouse, with all requisite works, roads and appurtenances;
(b) the extension of, alteration, or removal of a lighthouse; or
(c) the erection, placing, alteration or removal of a buoy or beacon.",2020-12-31,1995,,/permitted-development-right/19P
19Q,https://www.legislation.gov.uk/uksi/2015/596/schedule/2/part/19/made,https://www.legislation.gov.uk/uksi/2015/596/schedule/2/part/19/crossheading/class-q-development-by-the-crown-relating-to-an-emergency/made,19,Development by the Crown or for national security purposes,Q,Development by the Crown relating to an emergency,"Development by or on behalf of the Crown on Crown land for the purposes of:
(a) preventing an emergency;
(b) reducing, controlling or mitigating the effects of an emergency; or
(c) taking other action in connection with an emergenc",2020-12-31,1995,,/permitted-development-right/19Q
19R,https://www.legislation.gov.uk/uksi/2015/596/schedule/2/part/19/made,https://www.legislation.gov.uk/uksi/2015/596/schedule/2/part/19/crossheading/class-r-erection-etc-of-gates-fences-etc-by-the-crown-for-national-security-purposes/made,19,Development by the Crown or for national security purposes,R,"Erection etc of gates, fences etc by the Crown for national security purposes","The erection, construction, maintenance, improvement or alteration of a gate, fence, wall or other means of enclosure by or on behalf of the Crown on Crown land for national security purposes",2020-12-31,1995,,/permitted-development-right/19R
19S,https://www.legislation.gov.uk/uksi/2015/596/schedule/2/part/19/made,https://www.legislation.gov.uk/uksi/2015/596/schedule/2/part/19/crossheading/class-s-closed-circuit-television-cameras-for-national-security-purposes/made,19,Development by the Crown or for national security purposes,S,Closed circuit television cameras for national security purposes,"The installation, alteration or replacement by or on behalf of the Crown on Crown land of a closed circuit television camera and associated lighting for national security purposes",2020-12-31,1995,,/permitted-development-right/19S
19T,https://www.legislation.gov.uk/uksi/2015/596/schedule/2/part/19/made,https://www.legislation.gov.uk/uksi/2015/596/schedule/2/part/19/crossheading/class-t-electronic-communication-apparatus-etc-for-national-security-purposes/made,19,Development by the Crown or for national security purposes,T,Electronic communication apparatus etc for national security purpose,"Development by or on behalf of the Crown for national security purposes in, on, over or under Crown land, consisting of:
(a) the installation, alteration or replacement of any electronic communications apparatus;
(b) the use of land in an emergency for a period not exceeding 6 months to station and operate moveable electronic communications apparatus required for the replacement of unserviceable electronic communications apparatus, including the provision of moveable structures on the land for the purposes of that use; or
(c) development ancillary to radio equipment housing",2020-12-31,1995,,/permitted-development-right/19T